index,url,valid,domain,title,description,image,published,archive,content,quote,language,keyword
https://www.zeit.de/news/2026-01/01/us-medien-laut-cia-kein-angriff-kiews-auf-putins-residenz,https://www.zeit.de/news/2026-01/01/us-medien-laut-cia-kein-angriff-kiews-auf-putins-residenz,0,www.zeit.de,Ukraine-Krieg: US-Medien: Laut CIA kein Angriff Kiews auf Putins Residenz,Hier finden Sie Informationen zu dem Thema „Ukraine-Krieg“. Lesen Sie jetzt „US-Medien: Laut CIA kein Angriff Kiews auf Putins Residenz“.,https://img.zeit.de/news/2026-01/01/us-medien-laut-cia-kein-angriff-kiews-auf-putins-residenz-image-group/wide__1300x731,2026-01-01T02:12:18Z,,"Der US-Geheimdienst CIA ist Medienberichten zufolge zu dem Schluss gekommen, dass einer der jüngsten Drohnenangriffe der Ukraine nicht den russischen Präsidenten Wladimir Putin oder dessen Residenz z… [+3122 chars]",,de,'Kreml'
https://www.faz.net/aktuell/politik/ukraine/cia-soll-nicht-an-angriff-auf-putins-residenz-glauben-accg-200400274.html,https://www.faz.net/aktuell/politik/ukraine/cia-soll-nicht-an-angriff-auf-putins-residenz-glauben-accg-200400274.html,0,www.faz.net,US-Medienberichte: Laut CIA hat die Ukraine nicht Putins Residenz angegriffen,"Der Geheimdienst CIA soll Donald Trump informiert haben, dass die Ukraine andere Ziele ins Visier nahm – nicht Putin persönlich, wie Russland beklagt hatte. Prompt verbreitet der US-Präsident Putin-Kritisches.",https://media0.faz.net/image/w1200h627/28f601673ac6/w7559h3949x0y385o/202612/43601.0.1622876156/wladimir-putin-haelt-seine.webp,2026-01-01T05:38:08Z,,"Der US-Geheimdienst CIA ist Berichten zufolge zu der Erkenntnis gelangt, dass die Ukraine weder den russischen Präsidenten Wladimir Putin ins Visier genommen noch eine seiner Residenzen angegriffen h… [+5681 chars]",,de,'Ukraine'
https://www.tagesschau.de/ausland/amerika/cia-drohne-russland-100.html,https://www.tagesschau.de/ausland/amerika/cia-drohne-russland-100.html,0,www.tagesschau.de,Medienberichte: Laut CIA kein Angriff Kiews auf Putins Residenz,"Russland beschuldigt die Ukraine, einen Angriff auf Kremlchef Putins Residenz unternommen zu haben. Doch eine CIA-Analyse soll nun belegen, dass das nicht stimmt. Damit stützt der Geheimdienst die Position der Ukraine.",https://images.tagesschau.de/image/0369a6f4-9b6b-4ae8-8d13-3a344fab5d85/AAABm3kKGtc/AAABmyZE0EA/16x9-big/john-ratcliffe-104.jpg?width=1280,2026-01-01T10:11:04Z,,"Stand: 01.01.2026 11:11 Uhr
Russland beschuldigt die Ukraine, einen Angriff auf Kremlchef Putins Residenz unternommen zu haben. Doch eine CIA-Analyse soll nun belegen, dass das nicht stimmt. Damit s… [+1519 chars]",,de,'Kreml'
https://taz.de/Neue-Gesetze-und-Verordnungen/!6142003/,https://taz.de/Neue-Gesetze-und-Verordnungen/!6142003/,0,taz.de,Neue Gesetze und Verordnungen: Was sich mit dem Jahreswechsel so alles geändert hat,"Mindestlohn und CO2-Preis steigen. Das Deutschlandticket wird teurer, ebenso das Tanken und Heizen mit Öl und Gas. Welche Änderungen gelten 2026?",https://taz.de/picture/8159018/1200/39995946.jpeg,2026-01-01T10:29:00Z,,"Mindestlohn und CO2-Preis steigen. Das Deutschlandticket wird teurer, ebenso das Tanken und Heizen mit Öl und Gas. Welche Änderungen gelten 2026? mehr...",,de,'heizen'
https://www.zeit.de/2026/01/oksana-maksymchuk-ukraine-gedicht-kriegsalltag,https://www.zeit.de/2026/01/oksana-maksymchuk-ukraine-gedicht-kriegsalltag,0,www.zeit.de,Oksana Maksymchuk: Wie übersteht man den Krieg?,"Die Dichterin Oksana Maksymchuk hat ein Tagebuch über die russische Invasion verfasst – und darüber, wie man ihr poetisch standhält. Wir haben sie um ein Gedicht gebeten.",https://img.zeit.de/2026/01/wie-uebersteht-man-den-krieg-bild/wide__1300x731,2026-01-01T15:46:33Z,,"Manche Gedichte brauchen keine Erklärung, weil sie direkt
sind, weil sie uns treffen. So ist es auch mit den Texten der ukrainischen
Dichterin Oksana Maksymchuk, 43, die im Februar 2022 von einer A… [+582 chars]",,de,'Krieg'
https://www.stern.de/sport/fussball--antonio-ruedigers-weihnachtsreise-nach-sierra-leone-37004044.html,https://www.stern.de/sport/fussball--antonio-ruedigers-weihnachtsreise-nach-sierra-leone-37004044.html,0,www.stern.de,Fußball: Antonio Rüdigers Weihnachtsreise nach Sierra Leone,Antonio Rüdiger engagiert sich schon länger für Menschen in Sierra Leone. Während der Winterpause reist der Fußballprofi erneut nach Westafrika - und zum ersten Mal in die Heimatregion seiner Mutter.,https://image.stern.de/37004046/t/gW/v1/w1440/r1.7778/-/01--yehorpvncwv12axs2048jpeg---f1d4cdac23b4e7dd.jpg,2026-01-01T18:20:04Z,,"Kopiere den aktuellen Link
Zur Merkliste hinzufügen
Antonio Rüdiger engagiert sich schon länger für Menschen in Sierra Leone. Während der Winterpause reist der Fußballprofi erneut nach Westafrika -… [+1441 chars]",,de,'Winter'
https://www.tagesspiegel.de/sport/fussball-antonio-rudigers-weihnachtsreise-nach-sierra-leone-15094347.html,https://www.tagesspiegel.de/sport/fussball-antonio-rudigers-weihnachtsreise-nach-sierra-leone-15094347.html,0,www.tagesspiegel.de,Fußball: Antonio Rüdigers Weihnachtsreise nach Sierra Leone,Antonio Rüdiger engagiert sich schon länger für Menschen in Sierra Leone. Während der Winterpause reist der Fußballprofi erneut nach Westafrika - und zum ersten Mal in die Heimatregion seiner Mutter.,https://www.tagesspiegel.de/images/15094346/alternates/BASE_16_9_W1400/1767291674000/antonio-rudiger-in-sierra-leone.jpeg,2026-01-01T18:21:14Z,,Fußball-Nationalspieler Antonio Rüdiger hat in der Weihnachtspause die afrikanische Heimat seiner Mutter besucht und dort soziale Projekte angeschoben. Reisen wie diese geben mir in der kurzen Winter… [+1278 chars],,de,'Winter'
https://www.jungewelt.de/artikel/514902.gesundheitspolitik-kliniken-in-agonie.html,https://www.jungewelt.de/artikel/514902.gesundheitspolitik-kliniken-in-agonie.html,0,www.jungewelt.de,Gesundheitspolitik: Kliniken in Agonie,Deutschlands Kliniken rutschen reihenweise in die Insolvenz – und eine Trendwende ist nicht in Sicht. Das Kliniksterben wird zur Gefahr für die medizinische Versorgung und Experten warnen vor einer »Wartelistenmedizin«.,https://www.jungewelt.de/img/1100/217341.jpg,2026-01-01T18:39:36Z,,"Diesig, trüb und feucht ist es. Windböen drücken feinen Nieselregen gegen die gläserne Eingangsfront des städtischen Klinikums. Im Foyer flackern Neonröhren müde von der Decke, Lichtkegel blitzen auf… [+3875 chars]",,de,'Versorgung'
https://www.jungewelt.de/artikel/514915.energiepolitik-uniper-und-die-opal-leitung.html,https://www.jungewelt.de/artikel/514915.energiepolitik-uniper-und-die-opal-leitung.html,0,www.jungewelt.de,Energiepolitik: Uniper und die OPAL-Leitung,EU-Auflage: Größter deutscher Gasversorger Uniper muss Geschäftsanteile an OPAL-Pipeline verkaufen – wegen Umstellung auf teuren Wasserstoff fehlen aber Kaufinteressenten.,https://www.jungewelt.de/img/1100/217369.jpg,2026-01-01T18:39:36Z,,"Das größte Gasversorgungsunternehmen in Deutschland, Uniper, hat am 16. Dezember den Verkauf des 20prozentigen Anteils angekündigt, den es über eine Tochterfirma an der OPAL-Pipeline hält. Die rund 4… [+3766 chars]",,de,'Gas'
https://www.stern.de/gesellschaft/regional/baden-wuerttemberg/branche-unter-druck--was-die-7-prozent-steuer-fuer-restaurants-und-gaeste-bedeutet-37004212.html,https://www.stern.de/gesellschaft/regional/baden-wuerttemberg/branche-unter-druck--was-die-7-prozent-steuer-fuer-restaurants-und-gaeste-bedeutet-37004212.html,0,www.stern.de,Branche unter Druck: Was die 7-Prozent-Steuer für Restaurants und Gäste bedeutet,Seit Anfang des Jahres gilt für Speisen in Restaurants wieder der ermäßigte Steuersatz. Warum das Gastgewerbe im Südwesten dadurch auf bessere Zeiten hofft – und was das für Gäste bedeutet.,https://image.stern.de/37004214/t/5f/v1/w1440/r1.7778/-/02--g73z67taggv4axs2048jpeg---cc4a57f703ef5f43.jpg,2026-01-02T03:00:32Z,,"Kopiere den aktuellen Link
Zur Merkliste hinzufügen
Seit Anfang des Jahres gilt für Speisen in Restaurants wieder der ermäßigte Steuersatz. Warum das Gastgewerbe im Südwesten dadurch auf bessere Ze… [+4108 chars]",,de,'Gas'
https://www.zeit.de/news/2026-01/02/lies-ohne-gas-wird-es-nicht-gehen,https://www.zeit.de/news/2026-01/02/lies-ohne-gas-wird-es-nicht-gehen,0,www.zeit.de,Koalitionsstreit: Lies: Ohne Gas wird es nicht gehen,Hier finden Sie Informationen zu dem Thema „Koalitionsstreit“. Lesen Sie jetzt „Lies: Ohne Gas wird es nicht gehen“.,https://img.zeit.de/news/2026-01/02/lies-ohne-gas-wird-es-nicht-gehen-image-group/wide__1300x731,2026-01-02T04:30:05Z,,"Bei der Gasförderung auf See sind SPD und Grüne in Niedersachsens Landesregierung weiter auf Konfrontationskurs. «Es ist offensichtlich, dass wir bei der Gasförderung unterschiedlicher Auffassung sin… [+2230 chars]",,de,'Gasmangel'
https://www.stern.de/gesellschaft/regional/niedersachsen-bremen/koalitionsstreit--lies--ohne-gas-wird-es-nicht-gehen-37004376.html,https://www.stern.de/gesellschaft/regional/niedersachsen-bremen/koalitionsstreit--lies--ohne-gas-wird-es-nicht-gehen-37004376.html,0,www.stern.de,Koalitionsstreit: Lies: Ohne Gas wird es nicht gehen,"Zoff in der Landesregierung: Während die Grünen bei den geplanten Gasbohrungen vor Borkum vor Schäden für Natur und Klima warnen, hält Regierungschef Lies die Nutzung von Gas für unumgänglich.",https://image.stern.de/37004378/t/7E/v1/w1440/r1.7778/-/02--xuzhtvd2kmv8axs2048jpeg---f3056ce5efe28198.jpg,2026-01-02T04:30:05Z,,"Kopiere den aktuellen Link
Zur Merkliste hinzufügen
Zoff in der Landesregierung: Während die Grünen bei den geplanten Gasbohrungen vor Borkum vor Schäden für Natur und Klima warnen, hält Regierungs… [+2438 chars]",,de,'Gasmangel'
https://www.zeit.de/politik/ausland/2026-01/ukraine-krieg-rdk-denis-kapustin-tod-taeuschung-gxe,https://www.zeit.de/politik/ausland/2026-01/ukraine-krieg-rdk-denis-kapustin-tod-taeuschung-gxe,0,www.zeit.de,Krieg gegen die Ukraine: Ukraine täuscht Tod von russischem Milizenführer vor,Der Rechtsextremist Denis Kapustin kämpft mit einer russischen Miliz für die Ukraine. Eine Falschmeldung über seinen Tod soll einen Anschlag auf ihn verhindert haben.,https://img.zeit.de/politik/2026-01/tod-von-rdk-anfuehrer-laut-ukraine-vorgetaeuscht-bild/wide__1300x731,2026-01-02T07:03:47Z,,"Der Ende Dezember gemeldete Tod des russischen Rechtsextremisten Denis Kapustin, der an der Spitze des sogenannten Russischen Freiwilligenkorps (RDK) an der Seite der Ukraine kämpft, ist nach ukraini… [+4076 chars]",,de,'Krieg'
https://www.faz.net/aktuell/feuilleton/medien-und-film/medienpolitik/der-ukrainische-journalist-maksym-butkevych-ueber-den-krieg-accg-110812001.html,https://www.faz.net/aktuell/feuilleton/medien-und-film/medienpolitik/der-ukrainische-journalist-maksym-butkevych-ueber-den-krieg-accg-110812001.html,0,www.faz.net,"Ukrainekrieg: „Eine Krankenschwester nannten wir ,Dr. Tod‘“","2026 geht der Vernichtungskrieg, mit dem Wladimir Putin die Ukraine überzieht, in sein fünftes Jahr. Der 48 Jahre alte Journalist, Menschenrechtler und Offizier Maksym Butkevych schildert, was das bedeutet. Er war mehr als zwei Jahre in russischer Gefangensch…",https://media0.faz.net/image/w1200h627/607a5effb38f/w3000h1567x0y72o/032025/1.10811997/in-russland-gibt-es-keine.webp,2026-01-02T07:10:01Z,,"Von Yelizaveta Landenberger
02.01.2026, 08:10Lesezeit: 10 Min.
2026 geht der Vernichtungskrieg, mit dem Wladimir Putin die Ukraine überzieht, in sein fünftes Jahr. Der Journalist, Menschenrechtler … [+114 chars]",,de,'Wladimir Putin'
https://www.tagesschau.de/ausland/europa/russland-usa-uebergabe-drohne-100.html,https://www.tagesschau.de/ausland/europa/russland-usa-uebergabe-drohne-100.html,0,www.tagesschau.de,Angriff auf Putin-Residenz? Moskau übergibt angebliche Beweise an USA,"Die Ukraine streitet einen Angriff auf eine Putin-Residenz ab - auch der US-Geheimdienst hat offenbar Zweifel. Der Kreml bleibt bei dem Vorwurf und teilte mit, angebliche Beweise für die Attacke an die USA ausgehändigt zu haben.",https://images.tagesschau.de/image/2a777fd7-8c78-41a3-a787-f11a565801a9/AAABm32crTU/AAABmyZE0EA/16x9-big/drohne-uebergabe-russland-usa-100.jpg?width=1280,2026-01-02T07:53:20Z,,"Stand: 02.01.2026 08:53 Uhr
Die Ukraine streitet einen Angriff auf eine Putin-Residenz ab - auch der US-Geheimdienst hat offenbar Zweifel. Der Kreml bleibt bei dem Vorwurf und teilte mit, angebliche… [+1685 chars]",,de,'Kreml'
https://www.zeit.de/politik/ausland/2026-01/ukraine-wolodymyr-selenskyj-kyrylo-budanow-andrij-jermak-nachfolger,https://www.zeit.de/politik/ausland/2026-01/ukraine-wolodymyr-selenskyj-kyrylo-budanow-andrij-jermak-nachfolger,0,www.zeit.de,Ukraine: Geheimdienstchef Kyrylo Budanow wird Selenskyjs neuer Stabschef,Als Selenskyjs Büroleiter galt Andrij Jermak bis zu seiner Entlassung als zweitmächtigster Mann der Ukraine. HUR-Chef Budanow soll nun sein Nachfolger werden.,https://img.zeit.de/politik/2026-01/budanow-wird-selenskyjs-stabschef-bild/wide__1300x731,2026-01-02T12:46:23Z,,"Der ukrainische Präsident Wolodymyr Selenskyj hat sich mehr als einen Monat nach der Entlassung 
seines langjährigen Büroleiters und Weggefährten Andrij Jermak für einen
 Nachfolger entschieden. Er… [+4048 chars]",,de,'Ukraine'
https://www.golem.de/sonstiges/zustimmung/auswahl.html?from=https://www.golem.de/news/stromerzeugung-windkraft-dominiert-deutsches-stromnetz-auch-beim-import-2601-203740.html&referer=https://t.co/b2b59a5b26,https://www.golem.de/sonstiges/zustimmung/auswahl.html?from=https://www.golem.de/news/stromerzeugung-windkraft-dominiert-deutsches-stromnetz-auch-beim-import-2601-203740.html&referer=https://t.co/b2b59a5b26,0,www.golem.de,"Stromerzeugung: Windkraft dominiert deutsches Stromnetz, auch beim Import","Trotz weniger Wind und eines schleppenden Ausbaus war Windkraft der größte Stromerzeuger im Land. Importe sanken um ein Viertel. (Energiewende, Windpark)",,2026-01-02T13:16:02Z,,"Besuchen Sie Golem.de wie gewohnt mit Werbung und Tracking,
 indem Sie der Nutzung aller Cookies zustimmen.
 Details zum Tracking finden Sie im Privacy Center.
Skript wurde nicht geladen. Informat… [+607 chars]",,de,'Import'
https://www.stern.de/gesundheit/kaelte--warum-es-fuer-den-koerper-nicht-immer-eisbaden-sein-muss-36986060.html,https://www.stern.de/gesundheit/kaelte--warum-es-fuer-den-koerper-nicht-immer-eisbaden-sein-muss-36986060.html,0,www.stern.de,Eisbaden und Co.: Warum Sie öfter mal frieren sollten,"Am Neujahrstag schwimmen Tausende Menschen in eiskaltem Wasser, um Abwehrkräfte und Stoffwechsel zu stärken. Dabei würde ein bisschen Kälte oft schon ausreichen.",https://image.stern.de/36986994/t/6x/v2/w1440/r1.7778/-/kaeltebaden.jpg,2026-01-02T14:29:00Z,,"Zugang zu stern+statt 11,96 
 nur 1  
<ul><li>Alles von stern+ mit erstklassigen Inhalten von GEO und Capital</li><li>4 Wochen testen, dann 2,99  je Woche</li><li>jederzeit kündbar</li></ul>",,de,'frieren'
https://www.freitag.de/autoren/the-guardian/weniger-stress-52-tipps-die-ihr-leben-2026-einfacher-gestalten,https://www.freitag.de/autoren/the-guardian/weniger-stress-52-tipps-die-ihr-leben-2026-einfacher-gestalten,0,www.freitag.de,"Weniger Stress: 52 Tipps, die Ihr Leben 2026 einfacher gestalten","Jedes Jahr das gleiche Spiel. Mit Elan füllen wir unsere Liste mit Vorsätzen. Doch die Energie der freien Tage verfliegt rasch. Einfach weniger machen, heißt die Lösung. Mit diesen Tipps ist weniger Stress im Alltag garantiert Tägliche Aufgaben1. Die professi…",https://www.freitag.de/autoren/the-guardian/weniger-stress-52-tipps-die-ihr-leben-2026-einfacher-gestalten/@@images/image/great,2026-01-02T15:53:00Z,,"Tägliche Aufgaben
1. Die professionelle Organisatorin Susan C. Pinsky sagt, dass man nicht jedes Kleidungsstück einzeln falten muss. Eine Schublade mit unordentlicher Unterwäsche, aber dann auch nur… [+16845 chars]",,de,'heizen'
https://www.tagesspiegel.de/internationales/die-lage-im-uberblick-welle-personeller-veranderungen-in-kiew-vor-verhandlungen-15098151.html,https://www.tagesspiegel.de/internationales/die-lage-im-uberblick-welle-personeller-veranderungen-in-kiew-vor-verhandlungen-15098151.html,0,www.tagesspiegel.de,Die Lage im Überblick: „Welle personeller Veränderungen“ in Kiew vor Verhandlungen,Die Verhandlungen zum Ukraine-Krieg gehen in Kiew weiter. Präsident Selenskyj stellt vor wichtigen Terminen seinen Sicherheits- und Verteidigungsapparat neu auf.,https://www.tagesspiegel.de/images/15098150/alternates/BASE_16_9_W1400/1767412106000/wolodymyr-selenskyj.jpeg,2026-01-03T03:48:26Z,,Vor heute in Kiew geplanten Verhandlungen über ein Ende des Ukraine-Kriegs hat Präsident Wolodymyr Selenskyj seinen Verteidigungs- und Sicherheitsapparat teils neu aufgestellt. Er ernannte den bisher… [+3893 chars],,de,'Krieg'
https://www.zeit.de/politik/ausland/2026-01/ukraine-sicherheitsberater-treffen-kyjiw-ankuendigung-gxe,https://www.zeit.de/politik/ausland/2026-01/ukraine-sicherheitsberater-treffen-kyjiw-ankuendigung-gxe,0,www.zeit.de,Koalition der Willigen: Sicherheitsberater der Ukraine-Verbündeten treffen sich in Kyjiw,"Die Unterstützer der Ukraine haben Sicherheitsberater nach Kyjiw geschickt, um über eine Beendigung des Kriegs zu beraten. US-Vertreter sollen online zugeschaltet werden.",https://img.zeit.de/politik/ausland/2026-01/wolodymyr-selenskyj-bild/wide__1300x731,2026-01-03T04:37:43Z,,In Kyjiw kommen heute die nationalen Sicherheitsberater der sogenannten Koalition der Willigen zu Beratungen zusammen. Dem ukrainischen Präsidenten Wolodymyr Selenskyj zufolge werden Vertreter von et… [+1479 chars],,de,'Ukraine'
https://www.zeit.de/news/2026-01/03/schleswig-holstein-legt-bei-zahl-der-hausarztpraxen-zu,https://www.zeit.de/news/2026-01/03/schleswig-holstein-legt-bei-zahl-der-hausarztpraxen-zu,0,www.zeit.de,Medizinische Versorgung: Schleswig-Holstein legt bei Zahl der Hausarztpraxen zu,Hier finden Sie Informationen zu dem Thema „Medizinische Versorgung“. Lesen Sie jetzt „Schleswig-Holstein legt bei Zahl der Hausarztpraxen zu“.,https://img.zeit.de/news/2026-01/03/schleswig-holstein-legt-bei-zahl-der-hausarztpraxen-zu-image-group/wide__1300x731,2026-01-03T05:00:08Z,,Die Versorgung mit Hausärztinnen und -ärzten in Schleswig-Holstein hat sich verbessert. Das nördlichste Bundesland sei das Flächenland in Deutschland mit der geringsten Anzahl an freien Hausarztstell… [+3402 chars],,de,'Versorgung'
https://www.zeit.de/news/2026-01/03/zahl-der-hausarztpraxen-in-mecklenburg-vorpommern-konstant,https://www.zeit.de/news/2026-01/03/zahl-der-hausarztpraxen-in-mecklenburg-vorpommern-konstant,0,www.zeit.de,Medizinische Versorgung: Zahl der Hausarztpraxen in Mecklenburg-Vorpommern konstant,Hier finden Sie Informationen zu dem Thema „Medizinische Versorgung“. Lesen Sie jetzt „Zahl der Hausarztpraxen in Mecklenburg-Vorpommern konstant“.,https://img.zeit.de/news/2026-01/03/zahl-der-hausarztpraxen-in-mecklenburg-vorpommern-konstant-image-group/wide__1300x731,2026-01-03T05:00:08Z,,"Die Versorgung mit Hausarztpraxen in Mecklenburg-Vorpommern liegt auf dem Niveau des Vorjahres. Die Zahl der Hausärztinnen und Hausärzte habe sich stabilisiert, erklärt die Kassenärztliche Vereinigun… [+3891 chars]",,de,'Versorgung'
https://www.zeit.de/news/2026-01/03/zahl-der-hausaerzte-in-hamburg-leicht-gesunken,https://www.zeit.de/news/2026-01/03/zahl-der-hausaerzte-in-hamburg-leicht-gesunken,0,www.zeit.de,Medizinische Versorgung: Zahl der Hausärzte in Hamburg leicht gesunken,Hier finden Sie Informationen zu dem Thema „Medizinische Versorgung“. Lesen Sie jetzt „Zahl der Hausärzte in Hamburg leicht gesunken“.,https://img.zeit.de/news/2026-01/03/zahl-der-hausaerzte-in-hamburg-leicht-gesunken-image-group/wide__1300x731,2026-01-03T05:00:18Z,,"In Hamburg arbeiten derzeit etwas weniger Hausärztinnen und Hausärzte als im Jahr zuvor. Das erklärt die Kassenärztliche Vereinigung Hamburg (KVHH) auf Anfrage der Deutschen Presse-Agentur.
Waren es… [+2051 chars]",,de,'Versorgung'
https://www.freitag.de/autoren/the-guardian/polen-schild-und-schwert-des-westlichen-vorpostens-im-osten,https://www.freitag.de/autoren/the-guardian/polen-schild-und-schwert-des-westlichen-vorpostens-im-osten,0,www.freitag.de,Westlicher Vorposten im Osten: Polen bereitet sich auf den Ernstfall vor,"Schützengräben ausheben, Grenzmauern bauen, Überlebenstraining absolvieren, Migration verhindern. Das Land schottet sich gegen Russland ab wie noch nie seit Ende das Kalten Krieges, auch wenn viele das für übertrieben halten Cezary Pruszko erinnert sich noch …",https://www.freitag.de/autoren/the-guardian/polen-schild-und-schwert-des-westlichen-vorpostens-im-osten/@@images/image/great,2026-01-03T06:00:00Z,,"Cezary Pruszko erinnert sich noch an die Zivilschutz-Ausbildung während seiner Schulzeit in der kommunistischen Ära – Karten lesen, Überlebenstraining und das Gefühl, dass ein Krieg real und immer pr… [+6842 chars]",,de,'Ukraine'
https://www.dw.com/de/news-kompakt-lage-im-iran-bleibt-aufgeheizt/a-75373323,https://www.dw.com/de/news-kompakt-lage-im-iran-bleibt-aufgeheizt/a-75373323,0,www.dw.com,News kompakt: Lage im Iran bleibt aufgeheizt,Der Iran kommt nicht zur Ruhe. Erneut werden von dort Proteste gegen die Führung der Islamischen Republik gemeldet. In Kyjiw wird über Sicherheitsgarantien für die Ukraine beraten. Das Wichtigste in Kürze. Die Proteste gegen die Staatsführung im Iran dauern a…,https://static.dw.com/image/75373877_6.jpg,2026-01-03T08:29:00Z,,"Die Proteste gegen die Staatsführung im Iran dauern an. In der Hauptstadt und Millionenmetropole Teheran kam es zu Ausschreitungen, wie Aktivisten und Nutzer in den sozialen Medien berichteten. Auf V… [+5546 chars]",,de,'Ukraine'
https://www.welt.de/politik/ausland/article6958e5e8666ac1993e7cc0db/maduro-festgenommen-dieser-krieg-ist-illegal-das-sind-die-ersten-reaktionen.html,https://www.welt.de/politik/ausland/article6958e5e8666ac1993e7cc0db/maduro-festgenommen-dieser-krieg-ist-illegal-das-sind-die-ersten-reaktionen.html,0,www.welt.de,"""Dieser Krieg ist illegal“ – Das sind die ersten Reaktionen",In der Nacht zum Samstag hatten die USA Ziele in Venezuela angegriffen. Präsident Maduro und seine Ehefrau wurden verhaftet. Das sind die Reaktionen im Überblick.,https://images.welt.de/6958e5e8666ac1993e7cc0db/99da0641c837e83d6fec5f5080177c3b/ci16x9-w1200/apdpa-32b846000236bd99-jpg,2026-01-03T09:55:23Z,,"Nach dem Angriff der USA auf Venezuela haben mehrere US-Parlamentarier Zweifel an der Rechtmäßigkeit des Vorgehens geäußert. Der demokratische Senator von Arizona, Ruben Gallego schrieb im Kurznachri… [+4274 chars]",,de,'Krieg'
https://www.welt.de/politik/ausland/article6958e5e8666ac1993e7cc0db/venezuela-dieser-krieg-ist-illegal-reaktionen-auf-den-angriff-der-usa.html,https://www.welt.de/politik/ausland/article6958e5e8666ac1993e7cc0db/venezuela-dieser-krieg-ist-illegal-reaktionen-auf-den-angriff-der-usa.html,0,www.welt.de,„Dieser Krieg ist illegal“ – Reaktionen auf den Angriff der USA,In der Nacht zum Samstag haben die USA Ziele in Venezuela angegriffen. Präsident Maduro und seine Ehefrau wurden außer Landes gebracht. Das sind die Reaktionen im Überblick.,https://images.welt.de/6958e5e8666ac1993e7cc0db/9a0793629c17e59e09e67d4da1d21b74/ci16x9-w1200/dpa-com-20090101-260103-935-1054123-jpg,2026-01-03T09:55:23Z,,"Nach dem Angriff der USA auf Venezuela haben mehrere US-Parlamentarier Zweifel an der Rechtmäßigkeit des Vorgehens geäußert. Der demokratische Senator von Arizona, Ruben Gallego, schrieb im Kurznachr… [+12704 chars]",,de,'Krieg'
https://orf.at/stories/3416054/,https://orf.at/stories/3416054/,0,orf.at,Sicherheitsberater der Verbündeten in Kiew eingetroffen,,https://orf.at/mojo/1_4_1/storyserver//news/common/images/og-fallback-news.png,2026-01-03T10:17:27Z,,In den Bemühungen um ein Ende des russischen Angriffskriegs gegen die Ukraine kommen nationale Sicherheitsberater zu einem Treffen in Kiew zusammen. Delegationen der europäischen Verbündeten der Ukra… [+1107 chars],,de,'Sicherheit'
https://taz.de/Russische-Propaganda-in-der-Geschichte/!6142151/,https://taz.de/Russische-Propaganda-in-der-Geschichte/!6142151/,0,taz.de,Russische Propaganda in der Geschichte: Die Politik des Nazi-Vorwurfs ist keine Erfindung Putins,"Immer wieder behauptet Wladimir Putin, in der Ukraine seien Nazis an der Macht. Eine Historikerkonferenz in Lwiw zeigt, dass es solche Narrative schon seit Jahrzehnten gibt.",https://taz.de/picture/8160050/1200/40027203.jpeg,2026-01-03T15:40:00Z,,"Immer wieder behauptet Wladimir Putin, in der Ukraine seien Nazis an der Macht. Eine Historikerkonferenz in Lwiw zeigt, dass es solche Narrative schon seit Jahrzehnten gibt. mehr...",,de,'Wladimir Putin'
https://www.bild.de/leben-wissen/wohnen-living/heizkosten-sparen-wie-heizen-sie-im-winter-am-effektivsten-677bd0d5a68e5554d05ad56d,https://www.bild.de/leben-wissen/wohnen-living/heizkosten-sparen-wie-heizen-sie-im-winter-am-effektivsten-677bd0d5a68e5554d05ad56d,0,www.bild.de,Heizkosten sparen - Wie heizt man im Winter am effektivsten?,"Die Heizungen werden aufgedreht. Aber wie heizt man richtig? Wie Sie effektiv heizen, um Kosten zu sparen, erfahren Sie hier.","https://images.bild.de/677bd0d5a68e5554d05ad56d/e5bc02f73d353c7adb89f464c4a94c08,8185d6ef?w=1280",2026-01-03T22:02:13Z,,"TTS-Player überspringenArtikel weiterlesenDie Temperaturen sinken wieder und bei den meisten laufen die Heizungen bereits auf Hochtouren.
Das kann jedoch schnell die Heizkosten in die Höhe treiben. … [+5455 chars]",,de,'heizen'
https://www.welt.de/politik/ausland/article69521718f6fc544dba9b60ea/ukraine-krieg-selenskyj-ruft-nach-2000-angriffen-in-der-neujahrswoche-zur-verstaerkten-verteidigungshilfe-auf-liveticker.html,https://www.welt.de/politik/ausland/article69521718f6fc544dba9b60ea/ukraine-krieg-selenskyj-ruft-nach-2000-angriffen-in-der-neujahrswoche-zur-verstaerkten-verteidigungshilfe-auf-liveticker.html,0,www.welt.de,Selenskyj ruft nach 2000 Angriffen in der Neujahrswoche zur verstärkten Verteidigungshilfe auf,"Nach rund 2000 russischen Luftangriffen in der Neujahrswoche hat Präsident Wolodymyr Selenskyj die Verbündeten zur weiteren Unterstützung aufgerufen. Mehr als 1070 Gleitbomben, knapp 1000 Drohnen und sechs Raketen wurden laut Angaben der Ukraine eingesetzt. M…",https://images.welt.de/69521718f6fc544dba9b60ea/5981e89a749681404023f0880dbcc1c5/ci16x9-w1200/dpa-com-20090101-260102-935-1053423-jpg,2026-01-04T10:49:00Z,,"Nach rund 2000 russischen Luftangriffen in der Neujahrswoche hat Präsident Wolodymyr Selenskyj die Verbündeten zur weiteren Unterstützung aufgerufen. Mehr als 1070 Gleitbomben, knapp 1000 Drohnen und… [+25917 chars]",,de,'Unterstützung'
https://www.faz.net/aktuell/politik/ukraine/ukraine-liveticker-selenskyj-2000-russische-angriffe-in-der-neujahrswoche-faz-110683325.html,https://www.faz.net/aktuell/politik/ukraine/ukraine-liveticker-selenskyj-2000-russische-angriffe-in-der-neujahrswoche-faz-110683325.html,0,www.faz.net,Krieg in der Ukraine: Selenskyj: 2000 russische Angriffe in der Neujahrswoche,Internationale Sicherheitsberater setzen Ukraine-Gespräche in Kiew fort +++ Kiesewetter und Strack-Zimmermann: Einsatz der Bundeswehr in Ukraine ist möglich +++ alle Neuigkeiten im Liveblog,https://media0.faz.net/image/w1200h627/5cb1d206e166/w2000h1045x0y144o/202601/43601.0.1631394172/wolodymyr-selenskyj-am-samstag.webp,2026-01-04T11:03:27Z,,"Mit einer ungewöhnlichen Übergabezeremonie sind am Donnerstagabend Russlands Bemühungen, den amerikanischen Präsidenten Donald Trump für eine härtere Gangart gegenüber der Ukraine zu gewinnen, in ein… [+3246 chars]",,de,'Ukraine'
https://www.morgenpost.de/politik/article410837046/ukraine-russland-putin-entfuehrte-kinder-deportationen-adoption-umerziehung-kim-jong-un.html,https://www.morgenpost.de/politik/article410837046/ukraine-russland-putin-entfuehrte-kinder-deportationen-adoption-umerziehung-kim-jong-un.html,0,www.morgenpost.de,Ukraine: Entführte Kinder tauchen in entlegenem Schurkenstaat wieder auf,Russland entführt nach Überzeugung von Ermittlern ukrainische Kinder. Nun findet sich ihre Spur in einem weit entfernten Land wieder.,https://img.sparknews.funkemedien.de/410815672/410815672_1767122436_v16_9_1600.jpeg,2026-01-04T12:04:14Z,,"Die tragischsten Opfer von Kriegen, so wird oft betont, sind die Kinder aus dem jeweiligen Konfliktgebiet. Schließlich trifft sie besonders wenig Schuld daran, dass ein Krieg ausgebrochen ist. Mit de… [+5858 chars]",,de,'Ukraine'
https://www.diepresse.com/20449711/noch-steht-russland-nicht-am-rande-des-abgrunds,https://www.diepresse.com/20449711/noch-steht-russland-nicht-am-rande-des-abgrunds,0,www.diepresse.com,Noch steht Russland nicht am Rande des Abgrunds,"Nichts deutet derzeit darauf hin, dass Kremlchef Wladimir Putin seine Eroberungspläne in der Ukraine aufgegeben hätte.",https://img.diepresse.com/public/incoming/x0nobp-thumbnail_02jan26-russland-europa-peter-kufner-kuf-online.jpg/alternates/DPR_SOCIAL_MEINUNG/thumbnail_02jan26%20russland%20europa%20-%20peter%20kufner%20kuf%20-online.jpg,2026-01-04T14:40:51Z,,"Nichts deutet derzeit darauf hin, dass Kremlchef Wladimir Putin seine Eroberungspläne in der Ukraine aufgegeben hätte.
Mehr als 40 Jahre berichtete John Simpson für die BBC aus 120 Ländern. Seit den… [+7073 chars]",,de,'Wladimir Putin'
https://www.tagesspiegel.de/meinung/leserbriefe/leserbrief-zum-blackout-in-berlin-wo-bleiben-die-katastrophen-leuchtturme-15102924.html,https://www.tagesspiegel.de/meinung/leserbriefe/leserbrief-zum-blackout-in-berlin-wo-bleiben-die-katastrophen-leuchtturme-15102924.html,0,www.tagesspiegel.de,Leserbrief zum Blackout in Berlin: Wo bleiben die Katastrophen-Leuchttürme?,Unser Leser weist auf ein lange verschlepptes Projekt hin und hofft nach dem Stromausfall im Südwesten nun auf Umsetzung. Er plädiert auch für bessere Dämmung. Und was meinen Sie?,https://www.tagesspiegel.de/images/15099743/alternates/BASE_16_9_W1400/1767604450000/stromausfall-berlin.jpeg,2026-01-05T09:24:41Z,,"Seit fast 20 Jahren wird in Berlin auf Initiative des Bezirks Steglitz-Zehlendorf das Vorhaben Katastrophen-Leuchttürme vorbereitet. Dieses sieht vor, dass es in jedem Bezirk drei Standorte gibt, die… [+3831 chars]",,de,'Dämmung'
https://taz.de/Russische-Techplattform-Yandex/Dzen/!6142833/,https://taz.de/Russische-Techplattform-Yandex/Dzen/!6142833/,0,taz.de,Russische Techplattform Yandex/Dzen: Eine Startseite für Kreml-Propaganda,Russische Kriegspropaganda wird in Deutschland trotz EU-Verbot weiterverbreitet. Über Yandex/Dzen erreichen kremlnahe Medien ein großes Publikum.,https://taz.de/picture/8164379/1200/40017284.jpeg,2026-01-05T14:48:00Z,,Russische Kriegspropaganda wird in Deutschland trotz EU-Verbot weiterverbreitet. Über Yandex/Dzen erreichen kremlnahe Medien ein großes Publikum. mehr...,,de,'Kreml'
https://www.faz.net/aktuell/politik/usa-unter-trump/trump-widerspricht-kreml-ich-bin-nicht-begeistert-von-putin-110813902.html,https://www.faz.net/aktuell/politik/usa-unter-trump/trump-widerspricht-kreml-ich-bin-nicht-begeistert-von-putin-110813902.html,0,www.faz.net,Trump widerspricht Kreml: „Ich bin nicht begeistert von Putin“,Der US-Präsident distanziert sich von russischen Behauptungen über Drohnenangriffe auf eine Residenz des Kremlchefs. Der reagiert derweil nur milde auf Washingtons Intervention in Venezuela.,https://media0.faz.net/image/w1200h627/347fc4b360c8/w6000h3135x0y433o/202601/43601.0.1635495520/der-amerikanische-praesident.webp,2026-01-05T15:16:16Z,,Die russischen Bemühungen um die Gunst des amerikanischen Präsidenten Donald Trump haben einen Rückschlag erlitten. An Bord der Air Force One wurde Trump am Sonntag auf dem Rückflug aus Florida nach … [+3111 chars],,de,'Wladimir Putin'
https://www.zeit.de/news/2026-01/06/darum-geht-es-beim-ukraine-treffen-in-paris,https://www.zeit.de/news/2026-01/06/darum-geht-es-beim-ukraine-treffen-in-paris,0,www.zeit.de,Ukraine-Krieg: Darum geht es beim Ukraine-Treffen in Paris,Hier finden Sie Informationen zu dem Thema „Ukraine-Krieg“. Lesen Sie jetzt „Darum geht es beim Ukraine-Treffen in Paris“.,https://img.zeit.de/news/2026-01/06/darum-geht-es-beim-ukraine-treffen-in-paris-image-group/wide__1300x731,2026-01-06T03:00:17Z,,Die westlichen Unterstützer der Ukraine wollen an diesem Dienstag mit Vertretern der USA in Paris über die Absicherung eines möglichen Waffenstillstands oder Friedens für das von Russland angegriffen… [+5473 chars],,de,'Krieg'
https://www.stern.de/kaufkosmos/deals/luftentfeuchter-fuer-kleine-raeume---heute-46-prozent-guenstiger-37013526.html,https://www.stern.de/kaufkosmos/deals/luftentfeuchter-fuer-kleine-raeume---heute-46-prozent-guenstiger-37013526.html,0,www.stern.de,46 % Rabatt: Heute stark reduziert: Luftentfeuchter für kleine Räume,Luftentfeuchter sind nicht nur im Winter ein Segen. Sie reduzieren das Schimmelrisiko und verbessern das Raumklima. Amazon lockt heute mit einem starken Deal.,https://image.stern.de/37013690/t/h_/v2/w1440/r1.7778/-/deal-news-luftentfeuchter-aufmacher-januar-2026.jpg,2026-01-06T08:48:00Z,,"Kopiere den aktuellen Link
Zur Merkliste hinzufügen
Luftentfeuchter sind nicht nur im Winter ein Segen. Sie reduzieren das Schimmelrisiko und verbessern das Raumklima. Amazon lockt heute mit einem … [+1992 chars]",,de,'Winter'
https://www.n-tv.de/politik/Wir-sollten-vermeiden-uns-durch-die-Krise-zu-sparen-id30208163.html,https://www.n-tv.de/politik/Wir-sollten-vermeiden-uns-durch-die-Krise-zu-sparen-id30208163.html,0,www.n-tv.de,"Hoffmann im ntv-Frühstart: ""Wir sollten vermeiden, uns durch die Krise zu sparen""",CSU-Landesgruppenchef Alexander Hoffmann warnt vor einem Sparkurs in der Krise und spricht sich für eine schnellere Entlastung von Unternehmen aus. Die CSU will die Körperschaftsteuer bereits 2026 senken.,https://www.n-tv.de/img/30207066/1767690160/Img_16_9/1200/Unbenannt.jpg,2026-01-06T11:24:13Z,,CSU-Landesgruppenchef Alexander Hoffmann warnt vor einem Sparkurs in der Krise und spricht sich für eine schnellere Entlastung von Unternehmen aus. Die CSU will die Körperschaftsteuer bereits 2026 se… [+2557 chars],,de,'sparen'
https://www.stern.de/wirtschaft/immobilien/waermepumpenstrom-vergleich-36985186.html,https://www.stern.de/wirtschaft/immobilien/waermepumpenstrom-vergleich-36985186.html,0,www.stern.de,Hunderte Euro sparen: Wärmepumpenstrom-Vergleich: Der passende Tarif für Ihre Heizung,"Wärmepumpen heizen zwar effizient, doch die Stromkosten können erheblich sein. Das muss nicht sein. stern erklärt, worauf Sie beim Wärmepumpenstrom-Vergleich achten müssen.",https://image.stern.de/36978168/t/bU/v3/w1440/r1.7778/-/stern-strom-waermepumpenstrom-vergleich.jpg,2026-01-06T13:23:00Z,,"Kopiere den aktuellen Link
Zur Merkliste hinzufügen
Trotz negativer Berichterstattung hält der Siegeszug der Wärmepumpen ungebrochen an und bei Neubauten dominieren sie bereits den Heizmarkt. Techn… [+14601 chars]",,de,'Dämmung'
https://www.stern.de/politik/ausland/ukraine-krieg--koalition-der-willigen-beraet-ueber-sicherheit-fuer-die-ukraine-37013118.html,https://www.stern.de/politik/ausland/ukraine-krieg--koalition-der-willigen-beraet-ueber-sicherheit-fuer-die-ukraine-37013118.html,0,www.stern.de,Ukraine-Krieg: Koalition der Willigen berät über Sicherheit für die Ukraine,"In Paris beraten Vertreter aus 35 Ländern, wie ein Waffenstillstand für die Ukraine überwacht und abgesichert werden könnte. Auch eine multinationale Friedenstruppe ist Thema. Macht Deutschland mit?",https://image.stern.de/37015654/t/Fa/v1/w1440/r1.7778/-/06--3nix3d75f7v4axs2048jpeg---51d1838206b1fd28.jpg,2026-01-06T14:59:11Z,,"Kopiere den aktuellen Link
Zur Merkliste hinzufügen
In Paris beraten Vertreter aus 35 Ländern, wie ein Waffenstillstand für die Ukraine überwacht und abgesichert werden könnte. Auch eine multinatio… [+3883 chars]",,de,'Ukraine'
https://www.faz.net/aktuell/wirtschaft/russlands-autobranche-keiner-will-mehr-lada-fahren-110813818.html,https://www.faz.net/aktuell/wirtschaft/russlands-autobranche-keiner-will-mehr-lada-fahren-110813818.html,0,www.faz.net,Russlands Autobranche: Keiner will mehr Lada fahren,China dominiert den russischen Automarkt. Doch dem Kreml gefällt das nicht: Die heimische Industrie kann mit der Konkurrenz nicht mithalten.,https://media0.faz.net/image/w1200h627/3d6e0524608f/w3000h1567x0y176o/082023/1.10813951/chinesische-autos-fuer.webp,2026-01-06T16:40:09Z,,"Wie China seit 2022 den russischen Automarkt erobert hat, ist im Moskauer Zentrum überall zu sehen: Selbst die Hauptstadtpolizei fährt jetzt Haval. Und auch viele der Zehntausenden Taxis, dem beliebt… [+162 chars]",,de,'Industrie'
https://www.faz.net/aktuell/gesellschaft/blackout-in-berlin-wie-ich-an-tag-vier-wieder-strom-bekam-110814563.html,https://www.faz.net/aktuell/gesellschaft/blackout-in-berlin-wie-ich-an-tag-vier-wieder-strom-bekam-110814563.html,0,www.faz.net,"Blackout in Berlin: Wir haben wieder Strom, aber noch keine Sicherheit","Nach vier Tagen Stromausfall gehen im Berliner Südwesten immer mehr Lichter an. Unsere Autorin spürt den Stromneid in sich aufkommen, als plötzlich das Licht mit ihrer Hausnummer flackert.",https://media0.faz.net/image/w1200h627/9b8f57abd045/w3000h1567x0y216o/012026/1.10814556/fruehstueckspause-und-alle.webp,2026-01-06T17:19:51Z,,"Der vierte Tag des Stromausfalls beginnt mit starken Kopfschmerzen und einem lauten Brummen. Während die Temperaturen weiter sinken, steigt der Lärmpegel. Mal informiert die Polizei über Lautsprecher… [+4264 chars]",,de,'Sicherheit'
https://www.stern.de/politik/ausland/ukraine-krieg--koalition-der-willigen-will-ukraine-sicherheit-garantieren-37013118.html,https://www.stern.de/politik/ausland/ukraine-krieg--koalition-der-willigen-will-ukraine-sicherheit-garantieren-37013118.html,0,www.stern.de,Ukraine-Krieg: Koalition der Willigen will Ukraine Sicherheit garantieren,Paris - Westliche Unterstützer der Ukraine haben in Paris mit Vertretern der USA über die Absicherung eines möglichen Waffenstillstands oder Friedens,https://image.stern.de/37016132/t/_r/v1/w1440/r1.7778/-/06--rf5qz4sgjyv13axs2048jpeg---1959cfcd2dbb59f4.jpg,2026-01-06T18:41:31Z,,"Kopiere den aktuellen Link
Zur Merkliste hinzufügen
Westliche Länder planen, der Ukraine rechtlich verbindliche Sicherheitsgarantien zu geben. Wie die USA und Europa dabei zusammenarbeiten wollen.… [+3974 chars]",,de,'Kreml'
https://www.n-tv.de/politik/Bundeswehr-koennte-Waffenstillstand-in-der-Ukraine-auf-Nato-Gebiet-absichern-id30210379.html,https://www.n-tv.de/politik/Bundeswehr-koennte-Waffenstillstand-in-der-Ukraine-auf-Nato-Gebiet-absichern-id30210379.html,0,www.n-tv.de,"Merz: ""Wir schließen nichts aus"": Bundeswehr könnte Waffenstillstand in der Ukraine auf Nato-Gebiet absichern","Mehrere Staaten erklären im September erstmals, Truppen zur Friedensabsicherung in der Ukraine entsenden zu wollen, wenn es denn so weit ist. Jetzt schließt sich Kanzler Merz an. Er macht jedoch eine Bedingung geltend.",https://www.n-tv.de/img/30210409/1767730803/Img_16_9/1200/567447089.jpg,2026-01-06T19:51:10Z,,"Merz: ""Wir schließen nichts aus""Bundeswehr könnte Waffenstillstand in der Ukraine auf Nato-Gebiet absichern
Mehrere Staaten erklären im September erstmals, Truppen zur Friedensabsicherung in der Ukr… [+6062 chars]",,de,'Kreml'
https://www.n-tv.de/politik/21-14-Witkoff-nennt-Ukraine-Sicherheitsplaene-weitgehend-abgeschlossen-id30211042.html,https://www.n-tv.de/politik/21-14-Witkoff-nennt-Ukraine-Sicherheitsplaene-weitgehend-abgeschlossen-id30211042.html,0,www.n-tv.de,"Ukraine-Krieg im Liveticker: +++ 21:14 Witkoff nennt Ukraine-Sicherheitspläne ""weitgehend abgeschlossen"" +++","Berlin, Washington, Brüssel - überall. ntv berichtet von allen wichtigen Schauplätzen der Innen- und Außenpolitik.",https://www.n-tv.de/img/2339153/1721988811/Img_16_9/1200/Ukraine-Liveticker.jpg,2026-01-06T21:00:00Z,,"Der US-Sondergesandte Steve Witkoff bezeichnet die Planungen für die Sicherheitsgarantien für die Ukraine als ""weitgehend abgeschlossen"". ""Die Menschen in der Ukraine müssen wissen, dass wenn (der Kr… [+27307 chars]",,de,'Sicherheit'
https://www.bild.de/politik/ausland-und-internationales/trump-kuendigt-import-an-venezuela-wird-oel-an-die-usa-liefern-695da63d4d1d5f581eeadd7f,https://www.bild.de/politik/ausland-und-internationales/trump-kuendigt-import-an-venezuela-wird-oel-an-die-usa-liefern-695da63d4d1d5f581eeadd7f,0,www.bild.de,Trump kündigt Import an - Venezuela wird Öl an die USA liefern,Trump kündigt an: USA erhalten bald Millionen Barrel Öl aus Venezuela. Treffen mit großen Ölkonzernen im Weißen Haus geplant.,"https://images.bild.de/695da63d4d1d5f581eeadd7f/290ebbf4f12b4d3bf090ed99368cac54,4ba6f0b3?w=1280",2026-01-07T00:42:25Z,,"Washington/Caracas Donald Trump (79) kündigt an, dass die USA bald große Mengen Öl aus Venezuela bekommen sollen. Verkauft werden soll es zu Marktpreisen von den sogenannten Übergangsbehörden, wie de… [+1651 chars]",,de,'Import'
https://www.faz.net/aktuell/wirtschaft/klima-nachhaltigkeit/deutschland-erreicht-klimaziel-2025-doch-2030-drohen-strafen-accg-200414975.html,https://www.faz.net/aktuell/wirtschaft/klima-nachhaltigkeit/deutschland-erreicht-klimaziel-2025-doch-2030-drohen-strafen-accg-200414975.html,0,www.faz.net,Klimaschutz: Deutschland drohen ab 2030 drastische Strafen,"Im vergangenen Jahr wurde das Klimaziel erreicht – auch, weil die Industrie weniger produziert hat. Doch insgesamt gehen die Emissionen zu langsam zurück. Mittelfristig könnte das teuer werden.",https://media0.faz.net/image/w1200h627/be714b408396/w3000h1567x0y216o/202601/43601.0.1625098694/im-verkehrssektor-sinken-die.webp,2026-01-07T06:45:53Z,,"Das Tempo beim Klimaschutz in Deutschland hat sich im vergangenen Jahr einer Studie zufolge deutlich verlangsamt. Das nationale Klimaziel für 2025 wurde aber erreicht, wie die Denkfabrik Agora Energi… [+6503 chars]",,de,'Industrie'
https://www.welt.de/politik/ausland/article695b502cfb77630dac277a28/ukraine-krieg-heilige-mission-putin-vergleicht-russische-soldaten-mit-jesus-liveticker.html,https://www.welt.de/politik/ausland/article695b502cfb77630dac277a28/ukraine-krieg-heilige-mission-putin-vergleicht-russische-soldaten-mit-jesus-liveticker.html,0,www.welt.de,„Heilige Mission“ – Putin vergleicht russische Soldaten mit Jesus,In Paris hat die „Koalition der Willigen“ eine Erklärung für den Einsatz ausländischer Truppen in der Ukraine unterzeichnet. Gleichzeitig sorgt Putin mit einem Jesus-Vergleich für Aufsehen. Mehr im Liveticker.,https://images.welt.de/695b502cfb77630dac277a28/15d463097c82c6468df2d7b68cc8a4cd/ci16x9-w1200/dpa-com-20090101-260106-99-94609-jpg,2026-01-07T07:45:00Z,,In Paris hat die Koalition der Willigen eine Erklärung für den Einsatz ausländischer Truppen in der Ukraine unterzeichnet. Gleichzeitig sorgt Putin mit einem Jesus-Vergleich für Aufsehen. Mehr im Liv… [+14114 chars],,de,'Ukraine'
https://www.zeit.de/wissen/umwelt/2026-01/deutschland-emissionsrechte-verkauf-co2-gxe,https://www.zeit.de/wissen/umwelt/2026-01/deutschland-emissionsrechte-verkauf-co2-gxe,0,www.zeit.de,CO₂-Ausstoß: Einnahmen aus Verkauf von Emissionsrechten 2025 so hoch wie nie,"Deutschland hat im vergangenen Jahr 21,4 Milliarden Euro mit dem Verkauf von Verschmutzungsrechten eingenommen. Das Geld soll unter anderem die Energiewende finanzieren.",https://img.zeit.de/2026-01/deutschland-emissionsrechte-verkauf-co2-bild/wide__1300x731,2026-01-07T07:48:22Z,,"Deutschland hat im vergangenen Jahr einen Rekord bei den Einnahmen durch den Verkauf von CO-Verschmutzungsrechten erzielt. Der Emissionshandel habe 21,4 Milliarden Euro eingebracht, teilte die Deutsc… [+3341 chars]",,de,'heizen'
https://www.telepolis.de/article/US-Militaereinsatz-in-Venezuela-Krieg-ist-Frieden-11132346.html,https://www.telepolis.de/article/US-Militaereinsatz-in-Venezuela-Krieg-ist-Frieden-11132346.html,0,www.telepolis.de,US-Militäreinsatz in Venezuela: Krieg ist Frieden?,Ein kriegerischer Einsatz ohne klare Begriffe. Wie Leitmedien den US-Einsatz in Venezuela darstellen. Eine Medienkritik.,https://heise.cloudimg.io/bound/1200x1200/q85.png-lossy-85.webp-lossy-85.foil1/_www-heise-de_/imgs/18/5/0/0/5/2/2/3/Master_Voges-a657887660785ec0.jpg,2026-01-07T08:15:00Z,,"KI generierte Grafik
Ein kriegerischer Einsatz ohne klare Begriffe. Wie Leitmedien den US-Einsatz in Venezuela darstellen. Eine Medienkritik.
Vollkommen zu Recht wird in wichtigen Medien hierzuland… [+5565 chars]",,de,'Krieg'
https://www.focus.de/politik/ausland/trump-modi-unzufrieden-wegen-us-zoellen-indien-muss-import-von-russischem-oel-kuerzen_3c1b0c70-d066-4ad1-87df-2df98e5b0ba2.html,https://www.focus.de/politik/ausland/trump-modi-unzufrieden-wegen-us-zoellen-indien-muss-import-von-russischem-oel-kuerzen_3c1b0c70-d066-4ad1-87df-2df98e5b0ba2.html,0,www.focus.de,Trump: Modi unzufrieden wegen US-Zöllen – Indien muss Import von russischem Öl kürzen,"US-Präsident Donald Trump hat erklärt, dass Indiens Premierminister Modi aufgrund der hohen US-Zölle unglücklich sei. Trotz reduzierter Käufe von russischem Öl bleibt Indien ein wichtiger Abnehmer, was Trump zu weiteren Strafzöllen veranlassen könnte.",https://quadro.burda-forward.de/ctf/ffc7b9a5-7803-4cae-a1bf-4ea81e915422.f348d982-bd4b-43cd-ac0c-5654ca5391cc.jpg?im=RegionOfInterestCrop%3D%281200%2C630%29%2CregionOfInterest%3D%28617%2C430%29&hash=9663b6bfc9e32c1a0bdcc2f02fc12bb147a232317a06b9550b6a3f16c394ad0b,2026-01-07T08:20:08Z,,"US-Präsident Donald Trump hat erklärt, dass Indiens Premierminister Narendra Modi unzufrieden mit ihm sei. Grund dafür seien die hohen Zölle, die die USA auf indische Waren erhoben haben, wie Bloombe… [+1710 chars]",,de,'Import'
https://www.bild.de/politik/ausland-und-internationales/usa-jagen-russischen-tanker-durch-den-atlantik-kreml-schickt-u-boot-695e04ffc2e5df973db23ddb,https://www.bild.de/politik/ausland-und-internationales/usa-jagen-russischen-tanker-durch-den-atlantik-kreml-schickt-u-boot-695e04ffc2e5df973db23ddb,0,www.bild.de,Verfolgung auf offenem Meer - USA jagen russischen Tanker – Kreml schickt U-Boot,"Ein rostiger Öltanker wird zum Zankapfel zwischen Washington und Moskau. Die US-Küstenwache will ihn beschlagnahmen, der Kreml reagiert.","https://images.bild.de/695e04ffc2e5df973db23ddb/8f8f6089319883864c229777d30ab7b8,48e5c3f1?w=1280",2026-01-07T08:27:36Z,,Washington Ein rostiger Öltanker wird zum Zankapfel zwischen Washington und Moskau. Der mit Venezuela verbundene Tanker Bella 1 gehört zur berüchtigten Schattenflotte. Seit mehr als zwei Wochen versu… [+3280 chars],,de,'Wladimir Putin'
https://www.focus.de/politik/ausland/europaeer-wollen-bodentruppen-in-die-ukraine-schicken-doch-brisante-details-fehlen_bb8cdf7f-2a38-404a-a412-ca041a4a4279.html,https://www.focus.de/politik/ausland/europaeer-wollen-bodentruppen-in-die-ukraine-schicken-doch-brisante-details-fehlen_bb8cdf7f-2a38-404a-a412-ca041a4a4279.html,0,www.focus.de,Europäer wollen Bodentruppen in die Ukraine schicken – doch brisante Details fehlen,Die Ukraine steht vor einem möglichen Sicherheitsabkommen mit westlichen Staaten. Es fehlen jedoch entscheidende Details für eine echte Garantie.,https://quadro.burda-forward.de/ctf/327fe119-2899-4870-bf5a-a0dce102af0d.e3639029-e9a5-474b-9b73-f6a84a1f5baa.jpg?im=RegionOfInterestCrop%3D%281200%2C630%29%2CregionOfInterest%3D%281494%2C908%29&hash=392ee3d4b9b302b4d044f543617d22d1d88fae8f5787257b9cd674aaf64092e6,2026-01-07T08:39:05Z,,"Die Ukraine, die USA und europäische Staaten arbeiten an einem Sicherheitsabkommen, das einen erneuten Angriff Russlands verhindern soll. Laut dem Außenexperten des Telegraph, Roland Oliphant, sei da… [+1971 chars]",,de,'Wladimir Putin'
https://www.zeit.de/gesellschaft/2026-01/berlin-stromausfall-versorgung-anschlag-gxe,https://www.zeit.de/gesellschaft/2026-01/berlin-stromausfall-versorgung-anschlag-gxe,0,www.zeit.de,Anschlag auf Kabel: Stromausfall in Berlin soll im Laufe des Tages enden,Der Stromausfall in Berlin sollte eigentlich bis Donnerstag anhalten. Laut Bürgermeister Kai Wegner wird die Versorgung jedoch bereits heute ab 11 Uhr wiederhergestellt.,https://img.zeit.de/2026-01/stromausfall-berlin-bild-2/wide__1300x731,2026-01-07T08:47:00Z,,"Der Stromausfall im Südwesten Berlins soll bereits im Laufe des heutigen Mittwochs und somit früher als erwartet wieder vollständig behoben werden. ""Wir fahren heute ab 11.00 Uhr das Stromnetz in den… [+4409 chars]",,de,'Versorgung'
https://www.focus.de/politik/putin-nennt-ukraine-krieg-vor-kindern-eine-heilige-mission_4264b143-13ef-42bf-8c78-235fa056cc19.html,https://www.focus.de/politik/putin-nennt-ukraine-krieg-vor-kindern-eine-heilige-mission_4264b143-13ef-42bf-8c78-235fa056cc19.html,0,www.focus.de,"Putin nennt Ukraine-Krieg vor Kindern ""eine heilige Mission""",Bei einer orthodoxen Weihnachtsfeier am vergangenen Dienstag stellte der russische Präsident Wladimir Putin religiöse Bezüge zum Ukraine-Krieg dar. Vor Militärangehörigen mit Kindern hielt er eine Ansprache in einer Kapelle.,https://quadro.burda-forward.de/ctf/af0ca8f7-8efc-4fb8-af30-2d1a61a372ea.d37da497-b9c6-49e9-a7a1-13b7a272a348.jpg?im=RegionOfInterestCrop%3D%281200%2C630%29%2CregionOfInterest%3D%28856%2C232%29&hash=09f991635968c6aa45b1a702f913712af22ed3204b2e54f8411a77d044ecee2d,2026-01-07T09:29:09Z,,"Eine ""heilige Mission"". So beschrieb Wladimir Putin die Aufgabe der russischen Soldaten. Am vergangenen Dienstag hatte der russische Präsident eine orthodoxe Weihnachtsfeier in einer kleinen Kapelle … [+814 chars]",,de,'Wladimir Putin'
https://www.tagesspiegel.de/internationales/usa-wollen-an-venezuelas-ol-wie-sehr-konnte-trump-putins-wirtschaft-schaden-15106954.html,https://www.tagesspiegel.de/internationales/usa-wollen-an-venezuelas-ol-wie-sehr-konnte-trump-putins-wirtschaft-schaden-15106954.html,0,www.tagesspiegel.de,USA wollen an Venezuelas Öl: Wie sehr könnte Trump Putins Wirtschaft schaden?,Über zwei Jahrzehnte lang versorgte Russland Venezuela mit Geld und Waffen – im Tausch für Öl und Loyalität. Damit könnte nun Schluss sein. Doch wäre das wirklich so schlimm für den Kreml?,https://www.tagesspiegel.de/images/15106960/alternates/BASE_16_9_W1400/1767779143000/file-photo-russian-president-putin-and-venezuelan-president-maduro-meet-in-moscow.jpeg,2026-01-07T09:45:49Z,,Schon wieder hat es einen Verbündeten von Kremlchef Wladimir Putin erwischt. Nach dem Fall des syrischen Diktators Baschar al Assad im Dezember 2024 und nach der Schwächung des iranischen Regimes dur… [+855 chars],,de,'Kreml'
https://www.faz.net/aktuell/politik/ausland/daenemark-widerspricht-den-usa-wie-angespannt-ist-die-lage-in-groenland-wirklich-accg-200415353.html,https://www.faz.net/aktuell/politik/ausland/daenemark-widerspricht-den-usa-wie-angespannt-ist-die-lage-in-groenland-wirklich-accg-200415353.html,0,www.faz.net,Kampf um Grönland: Wie angespannt ist die Lage in Grönland wirklich?,"Dänemark weist die Behauptungen Trumps zurück, die Insel stünde unter chinesischem Einfluss und das Königreich könne die Sicherheit nicht garantieren. Aus den USA kommen derweil unterschiedliche Signale.",https://media0.faz.net/image/w1200h627/e59c1ff8912f/w3000h1567x0y216o/202509/43601.0.1281283998/daenische-kriegsschiffe-nehmen.webp,2026-01-07T10:29:40Z,,"Der dänische Außenminister Lars Løkke Rasmussen hat den USA vorgeworfen, ein falsches Bild der Lage in Bezug auf Grönland zu zeichnen. US-Präsident Donald Trump hatte am Wochenende gesagt, die USA br… [+3598 chars]",,de,'Sicherheit'
https://www.teltarif.de/smarthome-tink-aqara/news/101353.html,https://www.teltarif.de/smarthome-tink-aqara/news/101353.html,0,www.teltarif.de,Smarter heizen: Mit diesem Set können Sie richtig Geld sparen,Dieses Starter-Set bietet eine Komplettlösung zur smarten Regelung von Heizkörpern. Der M100 Hub vernetzt die Thermostate und bindet sie in bestehende Smart-Home-Systeme ein. Bei tink gibt es den besten Preis.,https://www.teltarif.de/img/arch/2026/kw02/smarthome-tink-aqara-1ab.jpg,2026-01-07T11:22:00Z,,"Der jüngste Winter­einbruch hat vieler­orts die Tempe­raturen deutlich sinken lassen, sodass Heizungen wieder häufiger und länger in Betrieb sind. Die aktu­ellen Kälte­einbrüche machen eine zentrale … [+2696 chars]",,de,'heizen'
https://www.welt.de/regionales/hamburg/article695e3e1d4d1d5f581eeae485/klimawandel-2025-war-die-nordsee-so-warm-wie-nie-zuvor-das-steckt-dahinter.html,https://www.welt.de/regionales/hamburg/article695e3e1d4d1d5f581eeae485/klimawandel-2025-war-die-nordsee-so-warm-wie-nie-zuvor-das-steckt-dahinter.html,0,www.welt.de,2025 war die Nordsee so warm wie nie zuvor – das steckt dahinter,"Nord- und Ostsee heizen sich auf: 2025 wurden so hohe Temperaturen gemessen wie nie zuvor seit Beginn der Aufzeichnungen. Forscher warnen davor, dass die anhaltende Erwärmung nicht nur Meeresspiegel und Küsten bedroht, sondern ganze Ökosysteme unter Druck set…",https://images.welt.de/695e3e1d4d1d5f581eeae485/a1388689169cfc958c2aa81792edee3c-master/ci16x9-w1200/dpa-com-20090101-260105-935-1057853-jpg,2026-01-07T11:29:34Z,,"Nord- und Ostsee heizen sich auf: 2025 wurden so hohe Temperaturen gemessen wie nie zuvor seit Beginn der Aufzeichnungen. Forscher warnen davor, dass die anhaltende Erwärmung nicht nur Meeresspiegel … [+2923 chars]",,de,'heizen'
https://www.zeit.de/gesellschaft/zeitgeschehen/2026-01/berlin-stromversorgung-vollstaendig-wiederhergestellt,https://www.zeit.de/gesellschaft/zeitgeschehen/2026-01/berlin-stromversorgung-vollstaendig-wiederhergestellt,0,www.zeit.de,Brandanschlag auf Stromnetz: Stromversorgung im Südwesten Berlins wieder vollständig hergestellt,Tagelang waren Tausende Menschen im Berliner Stadtteil Steglitz-Zehlendorf ohne Strom. Nach Abschluss der Reparaturarbeiten ist die Versorgung wieder gesichert.,https://img.zeit.de/gesellschaft/zeitgeschehen/2026-01/stromversorgung-berlin/wide__1300x731,2026-01-07T14:32:23Z,,"Im Südwesten Berlins ist die Stromversorgung vier Tage nach dem Brandanschlag wieder vollständig hergestellt. Wie Berlins Wirtschafts- und Energiesenatorin Franziska Giffey (SPD) mitteilte, wurde sei… [+3103 chars]",,de,'Versorgung'
https://www.faz.net/pro/weltwirtschaft/weltwissen/venezuela-diese-folgen-hat-der-us-angriff-rund-um-die-welt-accg-200407761.html,https://www.faz.net/pro/weltwirtschaft/weltwissen/venezuela-diese-folgen-hat-der-us-angriff-rund-um-die-welt-accg-200407761.html,0,www.faz.net,Venezuela: Diese Folgen hat der US-Angriff rund um die Welt,"Der Angriff der Amerikaner auf Venezuela hat enorme Auswirkungen auf Handel und Sicherheit. Zehn Blickwinkel, von China über Europa bis hin zum Nahen Osten.",https://media0.faz.net/image/w1200h627/84d4ef9b02dd/w3000h1567x0y216o/202601/43601.0.1641525539/ein-ereignis-das-die-welt.webp,2026-01-08T06:24:13Z,,"Grönland: Bruch der NATO droht
Auf den ersten Blick haben Grönland und Venezuela wenig miteinander zu tun. Aus amerikanischer Sicht aber gibt es zwei Parallelen: Washington zählt Lateinamerika, aber… [+13055 chars]",,de,'Sicherheit'
https://www.stern.de/wirtschaft/gasspeicher--so-ist-der-fuellstand-in-deutschland-anfang-2026-37017542.html,https://www.stern.de/wirtschaft/gasspeicher--so-ist-der-fuellstand-in-deutschland-anfang-2026-37017542.html,0,www.stern.de,Heizen gegen die Kälte: Ähnlich wie 2022: Gasspeicher in Deutschland leeren sich zusehends,2026 beginnt in Teilen Deutschlands ungewöhnlich kalt und schneereich. Das sieht man auch an den Gasspeichern: Viele drehen ihre Heizung weiter auf als in vergangenen Jahren.,https://image.stern.de/37018406/t/Z3/v1/w1440/r1.7778/-/heizen-symbolbild-gasspeicher.jpg,2026-01-08T08:18:00Z,,"Kopiere den aktuellen Link
Zur Merkliste hinzufügen
2026 beginnt in Teilen Deutschlands ungewöhnlich kalt und schneereich. Das sieht man auch an den Gasspeichern: Viele drehen ihre Heizung weiter a… [+3047 chars]",,de,'Gasmangel'
https://www.tagesspiegel.de/berlin/gegen-handelsabkommen-ministerin-zu-bauernprotesten-hilft-politisch-nicht-weiter-15115447.html,https://www.tagesspiegel.de/berlin/gegen-handelsabkommen-ministerin-zu-bauernprotesten-hilft-politisch-nicht-weiter-15115447.html,0,www.tagesspiegel.de,Gegen Handelsabkommen: Ministerin zu Bauernprotesten: Hilft politisch nicht weiter,Ein Abkommen soll künftig den Import von Lebensmitteln aus Südamerika vereinfachen. Einige Landwirte versperrten deshalb mit Traktoren Autobahn-Auffahrten. Ministerin Mittelstädt kritisiert das.,https://www.tagesspiegel.de/images/15116711/alternates/BASE_16_9_W1400/1767885432000/protest-gegen-eu-mercosur-freihandelsabkommen-brandenburg.jpeg,2026-01-08T11:31:09Z,,Brandenburgs Landwirtschaftsministerin Hanka Mittelstädt (SPD) hält die Bedenken der heimischen Bauern mit Blick auf das geplante Mercosur-Handelsabkommen für berechtigt - kritisiert aber die Protest… [+2105 chars],,de,'Import'
https://www.stern.de/gesellschaft/regional/sachsen-anhalt/energie--weniger-emissionen--kraftwerk-schkopau-steigt-auf-gas-um-37023322.html,https://www.stern.de/gesellschaft/regional/sachsen-anhalt/energie--weniger-emissionen--kraftwerk-schkopau-steigt-auf-gas-um-37023322.html,0,www.stern.de,Energie: Weniger Emissionen: Kraftwerk Schkopau steigt auf Gas um,Gas statt Braunkohle: Das Kraftwerk Schkopau als größter Stromversorger in Sachsen-Anhalt will so den CO2-Ausstoß senken und die Versorgung des Chemieparks sichern.,https://image.stern.de/37023324/t/U8/v1/w1440/r1.7778/-/08--ebdpytkgchv8axs2048jpeg---d3030a8f29bb8d62.jpg,2026-01-08T15:35:55Z,,"Kopiere den aktuellen Link
Zur Merkliste hinzufügen
Gas statt Braunkohle: Das Kraftwerk Schkopau als größter Stromversorger in Sachsen-Anhalt will so den CO2-Ausstoß senken und die Versorgung des C… [+1116 chars]",,de,'Energie'
https://taz.de/Nach-Stromausfall-in-Berlin/!6143788/,https://taz.de/Nach-Stromausfall-in-Berlin/!6143788/,0,taz.de,Nach Stromausfall in Berlin: Mehr Kabelbrücken und Powerbanks,"Nach dem Stromausfall in Berlin verschärft sich die Debatte, wie die Versorgung sicherer werden kann. Fragen und Antworten zum Thema Resilienz.",https://taz.de/picture/8173456/1200/Stromausfall-Vorsorge.jpeg,2026-01-08T15:56:00Z,,"Nach dem Stromausfall in Berlin verschärft sich die Debatte, wie die Versorgung sicherer werden kann. Fragen und Antworten zum Thema Resilienz. mehr...",,de,'Versorgung'
https://www.nzz.ch/wirtschaft/kaelte-chaos-in-europa-diese-kosten-verursachen-schnee-und-frost-ld.1919320,https://www.nzz.ch/wirtschaft/kaelte-chaos-in-europa-diese-kosten-verursachen-schnee-und-frost-ld.1919320,0,www.nzz.ch,Das Kälte-Chaos in Europa: Eis und Schnee verursachen hohe wirtschaftliche Kosten,Frostige Temperaturen legen Flugzeuge und Züge lahm und belasten das Stromnetz. Das sind die ökonomischen Folgen des Wintereinbruchs.,"https://img.nzz.ch/2026/01/08/59222366-391d-452f-9669-e8362e0ea6d3.jpg?width=1200&height=675&fit=bounds&quality=75&auto=webp&crop=8640,4860,x0,y745&wmark=nzz",2026-01-08T16:00:25Z,,"Frostige Temperaturen legen Flugzeuge und Züge lahm und belasten das Stromnetz. Das sind die ökonomischen Folgen des Wintereinbruchs.
Immer wieder sorgen Kälteeinbrüche in Europa für wirtschaftliche… [+7032 chars]",,de,'Winter'
https://www.focus.de/finanzen/news/der-stromausfall-von-berlin-muss-drei-wichtige-konsequenzen-haben_e52b0724-569c-40f0-9bea-faf09dd3a903.html,https://www.focus.de/finanzen/news/der-stromausfall-von-berlin-muss-drei-wichtige-konsequenzen-haben_e52b0724-569c-40f0-9bea-faf09dd3a903.html,0,www.focus.de,Der Stromausfall von Berlin muss drei wichtige Konsequenzen haben,"Tagelang keinen Strom: Der Anschlag in Berlin zeigt deutlich, dass die Politik den Schutz kritischer Infrastrukturen verpennt hat, schreibt Lamia Messari-Becker, Professorin für Energieeffiziente Gebäudetechnik am Karlsruher Institut für Technologie, in einem…",https://quadro.burda-forward.de/ctf/4c91b298-f834-49dd-b942-285d78e60db8.0ce5acd9-6e1a-4015-9f77-8e565341d494.jpeg?im=RegionOfInterestCrop%3D%281200%2C630%29%2CregionOfInterest%3D%281701%2C1051%29&hash=69781b8217efd15228a77a4e706ac9d170b3c7527682e9ead50ac4567dee50dc,2026-01-08T17:07:45Z,,"Vorab: Der Anschlag auf die Stromversorgung in Berlin war ein Angriff auf die Sicherheit der Menschen, auf den Staat in seiner Daseinsvorsorgepflicht und auf den Wirtschaftsstandort Deutschland. Wie … [+5219 chars]",,de,'Energie'
https://www.stern.de/politik/ausland/ukraine-krieg--selenskyj-warnt-vor-russischen-angriffen-in-frostperiode-37022832.html,https://www.stern.de/politik/ausland/ukraine-krieg--selenskyj-warnt-vor-russischen-angriffen-in-frostperiode-37022832.html,0,www.stern.de,Ukraine-Krieg: Selenskyj warnt vor russischen Angriffen in Frostperiode,"Das ukrainische Energiesystem liegt bereits darnieder, nun kommen die kältesten Wintertage. Befürchtet wird, dass Russland diese Tage militärisch nutzt.",https://image.stern.de/37023826/t/Zo/v1/w1440/r1.7778/-/08--ykrv757ropv5axs2048jpeg---24c6646a6136ca0d.jpg,2026-01-08T18:01:16Z,,"Kopiere den aktuellen Link
Zur Merkliste hinzufügen
Das ukrainische Energiesystem liegt bereits darnieder, nun kommen die kältesten Wintertage. Befürchtet wird, dass Russland diese Tage militärisch… [+1302 chars]",,de,'Versorgung'
https://wien.orf.at/stories/3337008/,https://wien.orf.at/stories/3337008/,0,wien.orf.at,Ludwig: Hilfe für die Ärmsten sichergestellt,"Trotz aller Einsparungen sieht Wiens Bürgermeister Michael Ludwig (SPÖ) die „Versorgung der Ärmsten“ als gesichert an. Im Jahreswechselinterview in „Wien heute“ wies er zudem den Vorwurf des Stadtrechnungshofs, private Kindergärten zu lasch zu kontrollieren, …",https://ibs.orf.at/wie?image=https%3A%2F%2Foekastatic.orf.at%2Fmims%2F2026%2F02%2F36%2Fcrops%2Fw%3D1200%2Ch%3D627%2Cq%3D75%2F2890876_master_1116736_357deb46-c5d7-43eb-8aac-0d873d547beb.jpg%3Fs%3D4b30475605a523a47d10b6b97afd4ef17b7df79d,2026-01-08T18:04:52Z,,"Zum Auftakt des Interviews ging es zunächst aus aktuellem Anlass um den mutmaßlichen Betrug mit Fördermitteln der Stadt Wien durch private Kindergartenbetreiber. Ludwig gab sich überzeugt, dass die z… [+2319 chars]",,de,'Versorgung'
https://www.diepresse.com/20417201/warum-ueberlastete-stromnetze-zum-wachstumsrisiko-fuer-wirtschaft-und,https://www.diepresse.com/20417201/warum-ueberlastete-stromnetze-zum-wachstumsrisiko-fuer-wirtschaft-und,0,www.diepresse.com,Warum überlastete Stromnetze zum Wachstumsrisiko für Wirtschaft und Technologie werden [premium],"Der weltweite Stromhunger wächst – doch die Netze stoßen an ihre Grenzen. Was das für den Ausbau von KI, Industrie und Wohlstand bedeutet.",https://img.diepresse.com/public/incoming/1s0y97-434663719.jpg/alternates/DPR_SOCIAL_NACHRICHTEN/434663719.jpg,2026-01-08T19:13:58Z,,"Forschungsergebnisse zeigen seit Jahrzehnten, dass zuverlässige Stromversorgung entscheidend für wirtschaftliches Wachstum ist. Reiche Länder sahen sich diesen Fragen lange nicht ausgesetzt, weil Dei… [+8189 chars]",,de,'Versorgung'
https://www.tagesschau.de/ausland/europa/ukraine-luftangriffe-infrastruktur-100.html,https://www.tagesschau.de/ausland/europa/ukraine-luftangriffe-infrastruktur-100.html,0,www.tagesschau.de,Russische Angriffe legen Stromversorgung in Südukraine lahm,"Russische Raketenangriffe haben die Energieinfrastruktur in der Ukraine hart getroffen. Mehrere Regionen, darunter Saporischschja, waren nach ukrainischen Angaben fast komplett von der Stromversorgung getrennt.",https://images.tagesschau.de/image/39858261-33d3-45f9-aa5b-93098b397f2e/AAABm57L-mE/AAABmyZE0EA/16x9-big/wohngebaeude-kiew-100.jpg?width=1280,2026-01-08T19:26:25Z,,"Stand: 08.01.2026 20:26 Uhr
Russische Raketenangriffe haben die Energieinfrastruktur in der Ukraine hart getroffen. Mehrere Regionen waren nach ukrainischen Angaben fast komplett von der Stromversor… [+1491 chars]",,de,'Versorgung'
https://www.zeit.de/news/2026-01/09/russland-feuert-ballistische-rakete-auf-ukraine,https://www.zeit.de/news/2026-01/09/russland-feuert-ballistische-rakete-auf-ukraine,0,www.zeit.de,Die Lage im Überblick: Russland feuert ballistische Rakete auf Ukraine,Hier finden Sie Informationen zu dem Thema „Die Lage im Überblick“. Lesen Sie jetzt „Russland feuert ballistische Rakete auf Ukraine“.,https://img.zeit.de/news/2026-01/09/russland-feuert-ballistische-rakete-auf-ukraine-image-group/wide__1300x731,2026-01-09T02:58:06Z,,"Ungeachtet laufender Friedensbemühungen hat Russland eine schwere ballistische Rakete auf die Westukraine an der Grenze zu EU- und Nato-Gebiet abgefeuert. Die ukrainische Luftwaffe teilte mit, für da… [+5112 chars]",,de,'Wladimir Putin'
https://www.zeit.de/news/2026-01/09/fruehlingsgefuehle-im-winter-mehr-verletzte-fuechse,https://www.zeit.de/news/2026-01/09/fruehlingsgefuehle-im-winter-mehr-verletzte-fuechse,0,www.zeit.de,Tiere: Frühlingsgefühle im Winter – mehr verletzte Füchse,Hier finden Sie Informationen zu dem Thema „Tiere“. Lesen Sie jetzt „Frühlingsgefühle im Winter – mehr verletzte Füchse“.,https://img.zeit.de/news/2026-01/09/fruehlingsgefuehle-im-winter-mehr-verletzte-fuechse-image-group/wide__1300x731,2026-01-09T04:00:13Z,,Bei Experten häufen sich aktuell Anrufe zu verletzten oder humpelnden Füchsen in der Hauptstadt. Der Rotfuchs befindet sich dem Beratungsservice von Wildtiernah Berlin zufolge mitten in der Ranzzeit … [+1102 chars],,de,'Versorgung'
https://www.zeit.de/news/2026-01/09/wasserrohrbruch-reparatur-dauert-laenger-versorgung-sicher,https://www.zeit.de/news/2026-01/09/wasserrohrbruch-reparatur-dauert-laenger-versorgung-sicher,0,www.zeit.de,Wasserleitungen: Wasserrohrbruch-Reparatur dauert länger - Versorgung sicher,Hier finden Sie Informationen zu dem Thema „Wasserleitungen“. Lesen Sie jetzt „Wasserrohrbruch-Reparatur dauert länger - Versorgung sicher“.,https://img.zeit.de/news/2026-01/09/wasserrohrbruch-reparatur-dauert-laenger-versorgung-sicher-image-group/wide__1300x731,2026-01-09T09:59:06Z,,Trotz eines größeren Wasserrohrbruchs an der Kollaustraße in Hamburg-Niendorf sieht das städtische Unternehmen Hamburg Wasser keine Gefahr für die Trinkwasserversorgung bei winterlichen Temperaturen.… [+1608 chars],,de,'Versorgung'
https://www.n-tv.de/politik/Trump-draengt-US-Oelkonzerne-zu-Investitionen-in-Venezuela-id30224500.html,https://www.n-tv.de/politik/Trump-draengt-US-Oelkonzerne-zu-Investitionen-in-Venezuela-id30224500.html,0,www.n-tv.de,"Ab jetzt ""totale Sicherheit"": Trump drängt US-Ölkonzerne zu Investitionen in Venezuela","Nach dem Angriff auf Venezuela will der US-Präsident das Öl des Landes schnell in Richtung USA fließen lassen. Die heimischen Ölkonzerne haben allerdings erhebliche Bedenken, sich in dem Krisenstaat zu engagieren. Nach einem Treffen verkündet Trump, man sei s…",https://www.n-tv.de/img/30224516/1768017431/Img_16_9/1200/US-President-Donald-Trump-mets-with-oil-executives-in-the-East-Room-US-President-Donald-Trump-arrives-for-a-meeting-with-oil-and-gas-executives-in-the-East-Room-of-the-White-House-in-Washington-DC-USA-09-January-2026-The-meeting-included-executives-from-Exxon-Shell-Chevron-and-Conoco-Trump-is-hoping-to-persuade-oil-executives-to-return-to-Venezuela.jpg,2026-01-10T03:11:57Z,,"Ab jetzt ""totale Sicherheit""Trump drängt US-Ölkonzerne zu Investitionen in Venezuela 
Ölgeschäfte in Venezuela sind laut Trump ausschließlich über die US-Regierung möglich. (Foto: IMAGO/ABACAPRESS)… [+4331 chars]",,de,'Import'
https://www.zeit.de/politik/ausland/2026-01/kyjiw-ukraine-strom-wasser-waermeversorgung,https://www.zeit.de/politik/ausland/2026-01/kyjiw-ukraine-strom-wasser-waermeversorgung,0,www.zeit.de,"Ukraine: Kyjiw muss Versorgung mit Strom, Wasser und Heizung abstellen","Nach einem russischen Angriff und bei starkem Frost haben die Menschen in der Hauptstadt der Ukraine keine Heizung, Wasser und Strom. Wer kann, soll die Stadt verlassen.",https://img.zeit.de/politik/ausland/2026-01/kyjiw-muss-strom-wasser-und-waermeversorgung-vollstaendig-einstellen-bild/wide__1300x731,2026-01-10T14:31:28Z,,"Nach Angaben des Stadtrats von Kyjiw hat die ukrainische Hauptstadt die Stromversorgung ebenso wie die Wasser- und Wärmeversorgung vollständig abstellen 
müssen. Der Netzbetreiber hatte darum gebete… [+1107 chars]",,de,'Versorgung'
